name,gender
rafal,M
premwati,F
sangeet,F
reemi,F
vijayta,F
ashrabi,F
rima,M
khushabu,F
mahbir,M
parathvi,M
huma,F
seeva,F
oli,M
rghuraj,M
gurjeet,M
aarju,F
mana,F
minakchi,F
jogender,M
sidhrath,M
mazhar,M
fakrudeen,M
navita,F
halima,F
nusrant,F
dali,F
ruby,F
binja,M
dama,M
sumedha,F
khshbu,F
satrughan,M
tool,M
soam,F
roop,M
kumud,F
rakhi,F
sithal,F
ujjawal,M
niru,F
manit,M
manmohan,M
saidas,M
mushir,M
faimuddin,M
sneha,F
riyajudhin,M
ramchander,M
gulsana,F
sushma,F
rahnuma,F
narmada,F
sandna,F
nabav,M
manjinder,F
joyate,F
tarnnum,F
bapu,M
dharam,M
bhagirath,M
gd,M
keshram,M
prabhat,M
navdeep,M
laja,F
shisupal,M
chandreshwar,M
chotu,M
surendar,M
sayari,F
tanisha,F
tabbsum,F
kumare,F
akeel,M
mehak,F
phool,F
mangala,F
laddha,M
aashu,M
vidya,F
nandita,M
birajpal,M
arifa,F
yasodha,F
vihsal,M
kranti,F
adiba,F
bahnu,F
mehboob,M
islam,M
hema,F
moinuddin,M
munesh,M
satyvati,F
duni,M
tavinder,M
abhimanyu,M
father,F
salmi,F
najma,F
prakesh,M
durgpal,M
bhagwati,M
bhag,M
vikshi,F
jon,M
amzad,M
israil,M
sushela,F
jeevan,M
bimlesh,F
saidul,M
jeeya,M
shanno,F
afzaj,M
ramkanya,F
mintu,F
shivram,M
ramdas,M
ikara,F
kalashi,F
vrendra,M
tejvir,M
tarjan,M
kanhyalal,M
dinkar,M
bhojaram,M
gutam,M
paka,F
tinvkal,F
kiniya,F
rampal,M
na,M
biwa,F
bharkha,F
achin,M
asagar,M
noomi,F
rajeshwari,F
sehjamal,M
vaid,M
robi,F
jasina,F
bhulan,M
charnjeet,F
ambika,F
sirish,F
nassin,F
sowar,M
affan,M
sunaina,F
shilu,F
mumtaj,M
rajjit,M
nagender,M
kashis,F
manohar,M
bada,M
rame,M
smts,F
mohinuddin,M
parash,M
bhundki,F
saru,F
umashanker,M
sharukh,M
prati,F
dhodi,F
randeep,M
roobi,F
kavita,F
shami,M
babby,F
tavvasum,F
dhara,M
amkit,M
kesha,M
aishe,F
phoolmani,F
zhini,F
udi,F
satyapal,F
surajpal,M
sanjeev,M
sarwesh,F
jatin,M
pram,M
naroo,M
gajwanti,F
bake,M
dhawal,M
grace,F
rajwanti,F
oma,F
firoja,F
surendra,M
sohi,F
ruchendra,M
tamana,M
somdevi,F
moharan,M
panchi,M
anno,F
babbu,F
bipnesh,F
minaksi,F
manbai,F
sunny,F
satynarayan,M
gendu,F
akib,M
ntasha,F
sonyi,F
twinkle,F
deeksha,F
ramdin,M
zile,M
shayampuri,M
nila,F
vishvnath,M
sujli,F
pirmika,F
shashai,M
adalat,M
parmodh,M
devendri,F
चमन,M
papu,F
chanda,M
lukkad,M
harprasad,M
chandan,F
laxmanram,M
gurmeet,F
champa,F
ratul,M
amreen,F
dhanpat,M
tek,F
genda,F
frjana,F
kumarage,F
munnem,M
partibha,F
jainab,M
ravinder,F
maneeta,F
aluddin,M
shbana,F
dolley,F
manno,F
muntjar,M
anaro,F
javade,F
motilal,M
chhamo,F
mudssir,M
chintu,M
nayamati,F
babulal,M
sudhansu,M
mohd,M
sahab,F
rajkumari,F
rema,F
inderjeet,F
mustki,F
mahud,M
amrta,F
sambhu,M
reka,F
nekki,F
triveni,F
khamchand,M
soba,F
siddharth,M
hazu,F
mabiya,F
dya,M
kaifiya,F
lambhu,F
jayesh,M
fauina,F
paras,M
satan,M
sosari,F
ramender,M
chanpa,F
ramvir,M
harman,M
mashli,F
jockyipai,M
chintan,M
dhannu,M
maryam,M
khokan,M
saka,F
saif,M
shanker,M
bikki,M
bhani,M
ranjan,M
risabh,F
jasleen,F
sabbir,M
karunakar,M
parshu,M
garupal,M
shadhik,M
safila,F
papuu,M
bhim,F
ramu,M
muli,F
dharmveer,M
dharmpal,M
firoza,F
prachi,F
rajlaxmi,F
dolo,F
jiyaul,M
nano,F
farman,M
anushka,F
gangaram,M
laxman,M
taushif,M
sucheta,F
ratwari,M
noorjhan,F
sirajuddin,M
harinder,F
monny,F
love,M
janid,F
hakam,M
banju,M
nagma,F
rubal,M
birmadevi,F
gulnaz,F
selars,F
ekram,M
kana,M
shilpa,F
shiwani,F
neeta,F
sadab,M
harish,M
veerpal,F
praful,M
chetanya,M
dharamvir,M
joyaa,F
umrawti,F
yeshpal,M
payana,F
sukhbir,M
taj,F
ramdhani,F
neelu,F
chhoti,F
krishana,F
bhopal,F
ismaliye,F
chhotu,M
kartika,F
shyad,M
harishankar,M
gattu,F
khusbhoo,F
fanni,M
tej,F
neelachal,F
shalid,M
bhawani,M
rabpreet,M
asgari,F
rajl,F
bebi,F
benu,M
ashanjali,F
santra,F
mushkan,F
vaishanvi,F
pandu,M
firdosh,F
jaijairam,M
shanti,M
taj,M
tara,F
gawali,M
rashida,F
k,F
unknown,F
sabra,F
preena,F
jabir,M
ramdevi,F
rohthash,M
munjira,F
radhabai,F
sadhu,M
devendr,M
lakki,M
sakuntala,F
master,M
chitranjan,M
krishana,M
indervesh,M
yashika,F
minder,M
bharati,F
vinay,M
kareshan,M
vinit,M
arjina,F
bimla,F
suda,F
kushum,F
gagan,M
sehnaaz,F
sh,M
dipak,M
lakhi,F
sarvesh,F
alis,F
gaytri,F
priju,M
ghasiram,M
ruka,F
jayshing,M
megharam,M
seti,M
arnabjit,M
rakki,F
prabhjeet,M
ramulu,M
bilal,M
lakshman,M
puspak,M
frra,F
jakra,F
kelashi,F
samadhan,M
saad,M
munni,F
jeenat,M
faizur,M
roshni,F
balchand,M
gulsida,F
narbda,F
ranita,F
hiramani,M
bhagipuri,M
anupam,F
nausad,M
kalawati,F
brijlal,M
udham,M
vishakha,F
dumnik,M
amrooti,F
twenkle,F
sakshi,F
suhagini,F
husnara,F
aasto,M
sabhya,F
mata,M
rajendra,M
yogendr,M
sharmistha,F
deepak,F
nithyanandham,M
priyanshu,F
peentu,M
naima,F
devanti,F
chanderkali,F
meeta,M
mairi,F
dharambir,M
bhart,F
nargis,F
sudma,F
manimegla,F
faujdar,M
maansingh,M
sanavvar,M
phulbi,F
jalwad,M
ajeet,M
renu,F
kauslender,M
boduram,M
pramjot,M
radhamohan,M
laxmi,F
nootan,M
omprakesh,M
kuwarjeet,M
dipeeka,F
yognder,M
shish,M
amir,M
sarswati,F
rambhool,M
khashbu,F
jaykumar,M
leelu,M
anjani,F
sohil,M
kanchi,M
dinesh,M
kalwati,F
nadir,M
ramswrup,M
hazra,F
radhadalal,F
kazal,F
asmit,F
dharvesh,M
najira,F
ishawar,F
lc,F
niraj,F
braham,M
baljeet,F
prete,F
mamu,M
kosylaya,F
chotan,M
asrf,M
viney,M
pravindra,M
veepal,M
rosy,F
nasar,M
rinke,F
kiran,M
yuvraj,M
subhan,M
nafeesa,F
chhagana,F
versha,M
avneet,F
tanvir,M
dayaram,M
tara,M
surjiya,F
parveena,F
gul,M
sheish,M
shahjad,M
prami,M
pargati,F
gurubaksh,M
jitender,M
keshri,M
saheen,F
khushnudi,F
chabi,M
rooshi,F
fiza,F
deepanshi,F
lokesh,M
saroj,M
girraj,M
irtu,F
arsad,M
mjudi,F
vijaynti,F
himani,F
sartaj,F
swetha,F
neha,F
fakir,M
harji,M
axat,M
sumalia,F
shyamvati,F
sanjeeta,F
mahfuj,M
ishmita,F
santosh,M
rai,M
sahana,F
mamata,M
rubiya,F
naajim,M
sinaa,F
kartik,M
bittoo,M
ajim,M
jagtar,M
noori,M
dhram,M
preetam,M
maujim,M
satwander,F
jasoda,F
sufiya,F
srimati,F
somi,F
jagdambika,M
rojmeri,F
surjeet,F
shalig,M
naryani,F
bagga,F
raisha,F
deepmala,F
tayab,F
shajiya,F
preet,M
ishika,F
anurag,M
anuradha,F
mohmmd,M
gulbasha,F
siya,M
ruksar,M
farhanaaz,F
veenita,F
mohd,F
gita,F
majrula,F
sital,F
daks,M
akhil,M
shalu,F
bhagwanti,F
rihaan,M
jhagdoo,M
chhabil,M
nuraish,F
miraz,F
gori,F
amrjeet,M
surgayani,F
daya,M
shelender,M
amlesh,M
englas,F
murshida,F
muzamiil,M
bhanwari,F
aadil,M
gurudut,M
shaili,F
momin,M
incee,F
khurshida,F
rinku,F
pannu,M
dharmbir,M
karshma,F
dalima,F
halke,M
bhoori,F
arbana,F
chain,M
omesh,M
anokha,M
amin,M
kamni,F
rambabu,M
ishu,M
minu,F
meenu,F
ajnabi,F
jeta,F
perdeep,M
shashi,F
sabir,M
shabanam,F
wazid,M
ambiya,F
vidyadatt,M
ajman,M
mathura,M
chetanram,M
silpa,F
laka,M
sanita,F
najis,M
radat,M
gordhan,M
ajmit,F
sandha,F
chandabai,F
munder,M
goverdhan,M
kulli,F
najre,M
farhan,M
rakkibhul,M
ahmad,M
sudama,F
tabwsum,F
noora,M
tribavan,M
vikky,M
pinkoo,M
umlesh,M
lata,F
hrithik,M
paramveer,M
pappu,M
sira,F
dhirpal,M
ramdhin,M
hanshraj,M
aravind,M
gudia,F
shalender,M
azmira,F
sham,M
aashis,M
himanshu,M
pankaj,F
pari,F
alok,M
sugai,M
darshana,F
halki,F
pratul,M
ravikant,M
mohad,M
mudbir,M
bittu,M
manoj,M
sefali,F
reekha,F
zahira,F
anshuman,M
saida,F
pushapa,F
maneesha,F
kashiv,M
kesavi,F
syham,M
fharman,M
sukhvinder,M
seekha,F
durgalal,M
durgashankar,M
sazmin,F
aashik,M
saista,F
jareena,F
kush,M
ronak,M
foranta,F
dhola,F
tapan,M
gafur,M
sayda,F
shetan,M
shashank,M
esrail,M
sumanthra,F
laxami,F
dowlat,M
prittam,M
barti,F
iesha,F
ranju,F
ravidutt,M
deepu,F
priti,F
bobi,M
meenaz,M
dharamveer,M
subjeet,M
tiwankle,F
ammar,M
menpal,M
laksh,M
r,F
rishaw,M
jaitun,F
majida,F
moni,F
kanheya,M
sitra,F
gladwin,M
sahira,F
sapita,F
ganeshi,F
jaimala,F
bhupender,M
gunjan,F
kimat,M
satbir,M
ridhakaran,M
nathani,M
pravin,M
shkundla,F
rajina,F
ramtek,M
jugender,M
teerath,M
ramjani,M
rada,F
samina,F
karamjeet,F
asharam,M
hena,F
rukhar,F
shamshudin,M
parlad,M
sayeri,F
firida,F
sabita,F
wiresh,M
nikita,M
naraini,F
swagtika,F
pramatma,M
rubby,F
ravindar,M
naman,M
nootan,F
arhiyant,M
bajrangi,M
zahid,M
ansar,M
sunali,F
angda,M
naisi,M
hukamchand,M
budhwanti,F
shekiba,F
chitra,F
hamsiran,F
pushpendr,M
jeenat,F
amasi,F
pushkar,M
khubhu,F
bhteri,F
saddiq,M
philomina,F
julfi,M
soyam,M
sajana,F
banu,F
vashila,F
ankit,F
manali,F
arzoo,F
sateesh,M
banshi,M
kosaleya,F
geetanjali,F
jai,F
sanoj,M
dhanwanti,F
jeeth,M
ompal,M
zainab,F
anubhav,M
arshi,F
jhanjhariya,F
patender,M
abhishik,M
rasmi,F
samvedna,F
gulfasa,F
manphool,M
rukmani,F
ateek,M
daljeet,M
vishnu,F
aidtya,M
davinder,M
manash,M
dhrampal,M
mahmun,F
asarfi,M
rajbiri,F
nimmy,F
navjoot,M
sinil,M
kamal,F
sanni,M
goldy,F
buhan,M
ranjana,F
naseem,M
randheer,M
raveena,F
sanjana,F
jaimati,F
jit,M
kachri,F
sayada,F
razim,M
jalmi,M
sarmeela,F
upasana,F
mero,F
chunni,F
salmam,M
vimal,F
puskar,M
sabila,F
musmi,F
gajala,F
jaiveer,M
abash,M
gunanidhi,M
dipa,F
narayani,F
yamuna,F
nabi,M
bhuri,M
faaija,F
arshla,F
chetna,M
tinku,M
sarika,F
sayra,F
shashwat,M
nency,F
aazad,M
juna,F
mudsay,F
maheshar,F
toni,M
bhagay,F
pratima,F
ruhhena,F
kaushal,F
knheyalal,M
seema,F
yogeshwar,M
dibakar,M
anandi,M
matadeen,M
gungun,F
pritibha,F
chhavi,F
shanu,M
lali,F
gulabsa,F
sahaja,F
adesh,M
budho,F
sararwati,F
tinki,F
raeeyan,M
newal,M
veera,F
krishna,M
tariq,M
shankar,F
kaari,M
bhima,M
abha,F
gulran,F
ramsem,M
trilochan,M
kamil,M
jamil,M
naved,M
joohi,F
suhana,F
felicia,F
km,M
moni,M
sumnesh,M
sudershan,F
uzma,F
fulo,F
kunwar,M
mohmad,M
sandeep,M
miss,F
aswin,M
premchand,M
yamin,M
naseeba,F
kawita,F
sukhveer,M
bhiki,F
shamima,F
mohanram,M
yasar,M
kherul,F
silvia,F
konika,F
anli,M
chajju,M
parbha,F
harishchandr,M
sudesh,M
rajkumar,M
gaffur,M
nishtha,F
mudrika,F
jimi,M
soonam,F
ranvir,M
abid,M
dhrama,F
jamna,F
majidunisha,F
tulsha,F
shivlal,M
shika,F
devik,M
jioty,F
wali,M
aruni,F
meera,F
sanjeet,M
manka,F
km,F
twinkil,F
nikkhar,F
kashish,F
aliya,F
kaleram,M
mukti,F
radikha,F
bakhtvaar,F
rambir,M
khushnaseeb,M
sangeena,F
fija,F
shashi,M
aaradhana,F
muskan,F
amardeep,M
jagnath,M
mooli,F
nosad,M
hasim,M
daksh,M
jagviri,F
kailashi,F
karamvir,M
dilsah,M
shanaj,F
chanderbal,M
afsar,M
aneeta,F
sawariya,F
chanda,F
ramjas,F
shehnaz,F
talib,M
hasina,F
panchhi,M
hemleta,F
prinkya,F
saaniya,F
anita,M
nazani,F
mujaffar,M
gopal,M
tuka,M
moolchul,M
kalwant,M
chetana,F
ompati,F
anoj,M
rehaan,M
munia,F
batloon,F
henkhochon,M
vipasha,F
shakutal,F
ishatkar,M
talvender,M
isnesh,F
nishal,M
kausal,M
kanak,F
shaulal,M
chatter,M
sikander,M
veejita,F
anwari,F
aadish,M
somwati,F
subhadra,F
ramesh,M
bhudhashen,M
rozi,F
swami,M
prabhila,F
satish,M
ganga,F
asiwani,M
rajneesh,M
gulista,F
sujata,F
noreen,F
abhinandan,M
bhatri,F
jodhi,M
bitto,M
agyapad,M
naulakh,M
beena,F
ashtha,F
ilema,F
tushal,M
ashfaq,M
rakshit,M
divakar,M
jawhar,M
chanab,F
liveri,M
devi,M
mehruddin,M
kripya,F
panchoo,F
birmati,F
julekha,F
tabsum,F
aanik,F
kumail,M
batasi,F
faroj,M
niti,F
dhmendar,M
p,M
rishu,M
arbaz,M
mishbha,F
natasha,F
anirudh,M
shoaib,M
krishna,F
moshri,F
nashima,F
nisa,F
mahendra,M
jibanti,F
najiya,F
radhe,M
amie,F
har,F
karmi,F
ruben,M
parvinder,F
sattu,F
sngeeta,F
sarju,F
tanjima,F
gulab,M
nursa,F
khemraj,M
sehnawaj,M
bhanweri,F
sashi,M
rehmati,F
jagdiesh,M
radesyam,M
ganpati,M
mihir,M
ravena,F
kalayan,M
amida,F
ridhima,F
bagdai,F
manpreet,F
afsari,F
elwin,M
ayushi,F
vidhya,F
tarawati,F
laltia,F
sartaj,M
shivcharan,M
gulnaaz,F
ratani,F
urmila,F
vansu,M
vaibhav,M
narayan,M
parven,F
arindra,M
minka,F
shabnam,F
dulari,F
suleman,M
poojadevi,F
kesri,M
raud,M
para,F
jameela,F
son,M
hemlata,F
sameer,M
suhail,M
dharm,M
sheikhsai,M
vashisast,M
jahagir,M
bhavishya,M
wajuddin,M
manjar,M
kabal,M
joshna,F
warmati,M
shathi,F
prabhudayal,M
akhtari,F
harichand,M
ratna,F
meenakshi,F
haliya,F
nathulal,M
bhabhiya,F
radhey,M
nazmin,F
sachidanand,M
jharna,F
shamshad,M
shashid,M
mazida,F
darshan,F
rishu,F
amjat,M
rajudi,F
irfan,F
mursida,F
simranjeet,M
saral,F
safia,F
jubed,M
murtibai,F
bulbul,F
mahfooj,M
bhawana,F
geernish,M
asish,M
sawarmal,M
farha,F
nandu,M
silender,M
imrana,F
lokindra,M
muqhtar,M
bhagwana,M
sudershan,M
sadiya,F
parven,M
shaymu,M
mubashir,M
wareesha,F
sanu,M
ashshwer,M
aamrin,F
samoti,F
baburam,M
sahanaj,F
gunja,F
asruddin,M
dhanni,F
susant,M
nanni,M
rabin,F
nazma,F
ketan,M
rishipal,M
preti,F
sawatri,F
mayuri,F
tamanna,F
ali,M
devkran,M
usha,F
niranjan,M
rajesh,M
saira,F
sarshwati,F
chhinderpal,M
asiya,F
aoosaf,M
rukhsar,M
lajja,F
mosim,M
satyanarayan,M
gulsher,M
nikhleshwar,M
biran,M
kalyan,M
sajma,F
mithelash,M
razida,F
sankar,M
soniya,F
kauva,M
tasleem,F
bhan,M
zeshan,M
gamer,M
girishchandra,F
chandni,F
kaishav,M
hitesh,M
ratn,M
premla,F
ravita,F
parvashi,F
surendr,M
tehmina,F
sosan,F
megh,M
nashim,M
hanny,M
saiyada,F
kaushalya,F
chander,F
gurdeep,F
lalita,F
samrin,F
na,F
mohabbat,M
dholi,F
amrita,F
feflibai,F
raisingh,M
baita,F
garv,M
mehraj,M
tepu,M
satvida,F
shahrish,F
vibhash,M
kalla,F
nathu,F
khairti,M
rajna,F
rajbala,F
rawi,F
nanagram,M
deepnarayan,M
manisha,F
pinky,F
ashwini,M
hajari,F
harshdeep,M
samsida,F
dheeraj,M
saruf,M
sujen,M
mum,M
subhapal,F
aysha,F
kamala,M
sharmila,F
archita,F
sinta,M
baldev,M
daljit,F
josin,M
yashoda,F
maman,M
shetal,F
laliya,M
sapana,F
vipta,M
mikel,M
khushbhu,F
miha,M
ojas,M
meghanath,M
sarmila,F
sumnesh,F
rencho,F
rita,F
japneet,F
brahmanand,M
ajaj,M
kamaldeep,M
geeta,F
sohaib,M
rajrani,F
sanjeev,F
rijwan,M
shahnaza,F
deepka,F
sarabjit,F
karuna,F
ronak,F
karmbir,M
jhunnu,F
omendra,M
noori,F
vishwjeet,M
anjali,F
jomiya,F
ranjan,F
rajo,F
mukhtyar,F
ariba,F
hera,M
tapas,M
sahajaha,M
nagina,F
farana,F
chhaterwati,F
madhwi,F
riya,F
anandwati,F
shun,F
dharamender,M
amritpal,M
satyender,M
groti,F
upendra,M
sanno,F
hazrat,M
kushi,F
maina,F
baleshwar,M
buddha,M
guldasta,F
nigar,F
kanisk,M
gurvinder,M
lawli,M
salmakhatun,F
doli,F
md,F
anuja,F
saku,F
maisan,M
kaval,M
jisu,M
babli,F
tikaram,M
parvin,F
pitika,F
chuni,F
pyar,M
rimmi,F
meethu,F
bhawari,F
vedehi,F
saurabh,M
sandhaya,M
parinka,F
sahbuddin,M
anita,F
sandeepa,F
harry,F
njare,M
samsudin,M
aashiya,F
rohil,M
neetu,M
rajia,F
kuwar,M
lakhya,F
shadhna,F
shukla,F
ishrana,F
raghuvir,M
shifali,F
aasa,F
inkoo,M
mahak,M
abhishekh,M
sikha,F
nasrudeen,M
saloni,F
ranjnika,F
lovely,M
gandharv,M
aasha,F
dvndavva,F
fahira,F
umedi,F
lal,F
trijugi,M
vinod,M
mansharam,M
sutiya,F
bhupesh,M
anjila,F
malvika,F
rubi,F
dhisa,M
sugar,M
girishi,M
shishul,M
nosar,F
kirann,F
revakshi,F
shakuna,F
marya,F
shahnawaz,M
chhotudevi,F
shiya,F
payal,F
leelawati,F
chtarpal,M
imran,M
laltes,F
sonu,M
golden,F
mayak,M
yaksh,M
shakuntala,F
darkash,F
puspender,M
sehzad,M
manvir,M
kamlajeet,F
aafrin,F
jesmin,F
sheenu,F
rakhi,M
man,F
shanty,F
omveer,M
ruksar,F
paratibha,M
razi,M
meela,F
piyari,F
samser,M
verendra,M
tikku,M
sabina,F
vyelet,F
midda,M
sagan,M
parsuram,M
koushik,M
shagufta,M
nanshi,F
omeshkumar,M
matbar,M
sandhya,F
raghu,M
jaskirat,M
masuma,F
pushpan,F
noojo,F
charan,M
bindu,M
hajrat,M
habib,M
nazima,F
gouri,F
janwi,M
shimpi,F
shakti,F
barham,M
dhrampla,M
mahboob,M
dildar,M
laldhari,M
fakiha,F
rukshan,M
avtar,M
golu,M
vedanand,M
dhalchand,M
aparna,F
anusoya,F
reeti,F
babloo,M
mohsina,F
vimukt,M
akram,F
jaga,M
amol,M
sheeak,M
munbura,F
malkiat,M
anil,F
shahruf,M
mo,M
daya,F
altab,M
rampher,M
nittin,M
pankaj,M
sehbaj,M
bhagvaan,M
sudha,F
lilabai,F
shila,F
vikki,F
punam,F
siza,F
suraj,M
mubshshira,F
chotti,F
ladli,F
firoz,F
ansal,M
pragti,F
aaditya,M
jaffar,M
jaisigh,M
lekhram,M
kavilash,M
rahimun,F
parshotam,M
nikhat,F
swarn,M
saksham,M
umme,F
sohib,M
kunti,F
marshilah,F
brajendra,M
iswer,M
mool,M
subhash,M
shipra,F
amarin,F
sarvjeet,M
mahjabi,F
reena,M
sandya,F
devpal,M
shqakuntla,F
muzim,M
preety,F
sehran,F
hardas,M
tarun,M
ratneshwar,M
veero,F
ritu,F
hini,F
bhanmati,F
omwati,F
sahiba,F
manlisa,F
fazin,F
saket,M
baniya,M
sabreen,F
shmejha,F
bhavesh,M
nila,M
dhulin,M
kishan,M
avinas,M
sourabh,M
ramkaran,M
tulsa,F
kantil,M
gurmit,F
menadevi,F
karina,F
ratni,F
shaboob,M
kaif,M
radhika,F
mamtha,F
sombir,M
ilayat,M
unknown,M
kifayat,M
kulina,F
rahis,M
arjun,M
amena,F
rauf,M
anoopama,F
devika,F
mintu,M
sagira,F
gulfara,F
anisha,F
kailesh,M
saveta,F
harbinder,M
gali,F
mahtab,M
prince,M
dataterya,M
munna,M
aman,M
dhurve,M
komal,M
vasu,F
navjat,F
susmita,F
rohit,M
prameela,F
lave,M
devdhari,M
manesh,M
jahani,F
md,M
manisha,M
ramavtar,M
gotiya,F
abhishek,M
anikt,M
babli,M
sarda,F
pool,F
manjiv,M
madhuri,F
sna,F
prhalad,M
sarojani,F
deepshikha,F
hemavanti,F
poneem,F
mithlesh,M
pushpender,F
ankus,M
ankur,M
sagufta,F
nitin,M
putulu,F
vikarm,M
nipam,F
chetram,M
kokila,F
rajnish,M
nirmala,F
patras,M
yashbir,M
nazmaa,F
gyanwati,M
jyotsana,F
kumari,F
sajiya,F
sattaram,M
naulesh,M
yogender,M
sumentra,F
motilaal,M
kaarti,F
bajulal,M
menka,F
gajana,F
moka,F
sanjay,M
devli,F
dharmendra,M
parsann,F
monty,M
arsi,F
jamee,F
mukish,M
amijan,F
rameh,M
smariti,F
deepchand,M
kirshna,M
siwani,F
rashid,M
gurupreet,F
harbai,F
anuska,F
sahenaj,F
kafia,F
shveta,F
abhishak,M
kooki,F
bhateri,F
noshad,M
sobha,F
hari,F
mahzbin,F
deepanshu,M
hasir,M
sahima,F
premawati,F
amar,F
disi,F
sakchan,M
riti,F
manful,F
vashanavi,F
kuldeep,F
saviha,F
satwinder,F
girdhari,M
gulreg,M
jarnail,M
bitto,F
mithilesh,F
juber,F
umesh,M
subhangi,F
sudesh,F
matul,F
lala,M
shaloo,F
lilaram,M
laxita,F
darfasha,F
sourab,M
sabiya,F
dauad,M
raziya,F
tiwnkal,F
nilu,M
bhuri,F
ansu,F
deepali,M
manisa,F
tripurari,M
lateef,M
huseni,F
shajid,M
swata,F
serul,F
mobsheera,F
shela,F
uday,M
anjal,F
mantu,M
sukkhu,M
nameeta,F
raj,F
hanif,M
nooralam,M
abhinay,M
chitra,M
rajinder,F
aarti,M
albaksha,M
savita,F
koshal,F
mohanlal,M
archna,M
ankit,M
mustkim,M
nanku,M
shahnam,F
sheak,M
dhani,M
gollu,M
birbal,M
kohinoor,F
jitu,M
liladevi,F
prmod,M
karishma,F
reena,F
dheerendra,M
nabila,F
kadir,M
birajbhushan,M
mukesh,F
sawrn,M
lakh,M
surbhi,F
rajanti,F
bachheshwar,M
badri,M
suhaliya,F
jagdish,M
pulita,F
nurbi,F
reshama,F
sibanaz,F
navnit,M
santo,F
jaslin,F
fornta,F
muksndi,M
lalmuni,F
dipanshu,M
puja,F
chandani,F
haji,M
waheeda,F
sushmita,F
jasbir,F
savreen,F
perveen,M
harsh,F
dabbu,M
lavkush,M
lisha,F
rupali,F
vanshu,M
pallavi,F
safiq,M
bismilla,F
kadu,F
akthari,F
indta,F
sardeep,M
dharmendr,M
asana,F
anupuma,F
venkatswaran,M
shahida,F
momena,F
vinaysingh,M
shahboob,M
sultan,M
manikchand,M
makan,M
gyarsi,M
hanish,M
amarjit,M
dwarika,M
husina,F
naziya,F
ramjanki,F
shafi,M
tanvir,F
ghaseeta,M
somesh,M
deen,M
bharat,M
ganga,M
irsad,M
dimple,F
sazia,F
kapil,M
annat,M
jhagdu,M
kumara,F
sahlesh,M
sachi,F
farida,F
saroja,F
farhaja,F
hongsi,F
virpal,M
jubeda,F
irshad,M
sahin,F
gulshan,F
akansh,M
ranjeeta,F
anamol,M
chiranjavi,M
akhlaq,M
foola,F
nathiya,F
fara,F
partyush,M
deepa,M
jitan,M
nakched,M
umardeen,M
vishavkarma,F
tej,M
inderpal,M
rupen,F
tajinder,M
masum,F
samsuddin,M
amritha,F
sudhdev,M
shakir,M
babu,M
namen,F
tundiram,M
husana,F
bavita,F
jhuma,F
jalaluddin,M
saeshta,F
rati,M
samya,F
prabhu,F
konti,F
supriya,F
taiyab,M
belo,F
yashodha,F
sakib,M
sushama,F
rizwaan,M
kulwinder,M
jamrujaha,F
sishpal,M
seetal,F
sharee,M
rajeev,M
phul,F
sozi,F
bhupendar,M
pree,F
tapsam,F
haseen,M
jaanki,F
sukesh,M
kawaljeet,M
mohammad,M
jhuhi,F
rajuddin,M
nooruddin,M
chanchal,F
ashma,F
chandra,F
fasrun,F
omparkesh,M
asmat,F
renuka,F
kirodimal,M
kishnaram,M
rambiri,F
sabba,F
srikant,M
kulbhushan,M
pramil,F
jaidev,M
marti,F
mnisha,F
saifali,F
angad,M
gurpreet,F
kedarnath,M
shabila,F
harprit,F
nischaya,M
baga,M
saraswati,F
dharmendera,M
shabi,M
molu,M
simran,M
ahmed,M
kasish,F
sudhata,F
shur,M
ashman,F
neni,F
subato,M
piryanka,F
kalua,M
meti,F
siya,F
sajju,M
zoya,F
sajda,F
supriyal,M
vishu,M
mitthun,M
sabrina,F
jhora,F
tarif,M
piroj,F
joya,F
safika,F
veeru,F
mithilesh,M
gurmit,M
pammy,F
mooldan,M
hasibullah,F
mandeep,F
nazirul,M
amrat,F
pritika,F
kalma,F
guddo,F
anil,M
shanta,F
rehmat,M
valentina,F
kamini,F
gilbahar,F
sahgufta,F
rajam,M
shushma,F
deepali,F
tasmina,F
sinder,M
darshna,F
hoor,F
beeti,F
anmol,M
karan,M
pappy,F
pritee,F
nini,F
jamuna,F
selva,M
upasna,F
sobit,M
iqbal,M
azhar,M
pratap,M
jeete,M
nijamuddin,M
dakshya,M
kanahiya,M
munnu,M
roopam,F
injum,F
nirmla,F
khalil,M
sukhavinder,M
mahesh,M
ankeet,F
mankuri,F
juhi,M
saiesta,F
mahinder,M
subhagya,F
hemani,F
ranju,M
gruchran,M
jaya,F
samundri,F
anayatha,F
etahsaam,M
nirmal,M
amrik,M
saheb,M
urvashi,F
saniya,F
ganeshi,M
shivani,F
nain,M
shilap,F
nirmaljeet,M
jitendera,M
babuddin,M
pari,M
jasveer,F
dimpal,F
rambrij,M
amana,F
sompal,M
shsi,M
lavi,F
krashana,F
sukrita,F
pankuj,M
karshana,F
jankidas,M
vikash,M
munshi,M
radheyshyam,M
jaivanti,F
radha,M
ikramudeen,M
hem,F
birender,M
goldan,F
shiraj,M
pramod,M
vijender,M
harnam,M
modh,M
salomi,F
akshay,M
shushila,F
sanju,F
anikesh,M
shaurabh,M
sanjogta,F
taran,F
sujal,M
hansraj,M
alijan,M
chandermani,M
khubchand,M
adarsh,M
choga,M
anju,F
salaman,M
ameen,M
babbi,F
keshanti,F
manoti,F
narsingh,M
mayur,M
lakshmi,F
kamruddin,M
praveen,F
sonia,M
gopesh,M
labbhi,F
anjrej,M
phoolwati,M
shabuddin,M
ashiya,M
kehkasha,F
vasuki,M
disha,M
mehvish,F
shahnaj,F
gayatri,F
tanu,F
diya,F
jannat,F
bhagwan,M
suwa,M
bindu,F
luxmi,F
mahipal,M
shobha,F
humera,F
sajida,F
chand,M
ijhar,M
satrohan,M
kurban,M
prem,F
khajan,M
santara,F
dipika,F
santrm,M
aamosh,M
istyara,M
himanshi,F
jaibir,M
sus,F
sangita,F
guddi,F
mula,M
biraj,M
shima,F
papp,M
viresh,M
mohani,F
rajshree,F
nargish,F
jubaira,F
shayna,F
subrati,M
raja,F
himanshu,F
sapna,F
bhemji,M
khalid,M
shokat,M
khusbhu,F
ashish,M
yaqoob,M
prashanat,M
jalsingh,M
amar,M
yusaf,M
preeti,F
jeeren,F
dimpu,M
nidhi,M
choti,F
kapiil,M
jaiprkesh,M
gorav,M
meharuddin,M
tranoom,F
ishrat,F
mariya,F
prakash,M
ramkali,F
saranthem,F
hemraj,F
khurshid,M
kali,M
sarip,M
keshu,F
poma,M
mohardi,M
vadhi,F
geetu,F
snah,F
rajkumarm,M
satendra,M
gaitri,F
mohseena,F
sakuntla,F
aajiv,M
munnia,F
sawana,F
jhumki,F
akaash,M
kuso,F
vajid,M
minkashi,F
vimlesh,F
razni,F
safina,F
hifjul,M
akif,M
kalpeshwari,F
rvindra,M
kunden,M
morki,F
harneet,F
sharib,M
krashna,F
sugodh,M
sazid,M
susri,F
sona,M
prya,F
vidhi,F
ruanbza,F
raseel,M
shamim,M
mohan,F
unkar,M
radheshyam,M
vithal,M
subani,F
switi,F
gulfasha,F
avnish,M
sujeet,M
prdeep,M
bhusan,M
aarati,F
ritu,M
moham,M
junaid,F
dhapu,F
khetra,M
mustaq,M
diwansi,F
kiriti,F
dirgaj,M
mahender,M
batul,F
niyaaz,M
daveena,F
karishama,F
rafeddin,M
kalusingh,M
sainky,M
ramveer,M
ujama,F
pariti,F
gaytree,F
suresh,F
krishan,M
bhajanlal,M
durjan,M
bindvasini,F
mudasar,M
sagiran,F
chanderkala,F
joity,F
jantarpal,M
maatwar,M
masheen,M
shahbuddin,M
kelama,F
bawan,M
virjiniya,F
jisan,M
ranki,F
michael,M
sehrunisa,F
prabhjot,F
disha,F
pabu,F
panchma,F
rama,M
harinder,M
shadiya,F
nafisa,F
ramvati,F
sumit,M
baby,F
lakshay,M
yaadram,M
kanhaiyalal,M
shushil,M
sanjan,F
bhura,F
hagami,F
rashika,F
mrs,F
amarvesh,M
vidisha,F
hamim,F
aansi,F
dhrmveer,M
jot,M
roshanlal,M
hom,M
monu,F
manjeet,F
urvarshi,F
rvina,F
manosh,M
soona,F
sonia,F
rupam,F
jayda,F
biram,M
kuldeep,M
shivam,F
netra,M
sundri,F
mehtab,M
san,F
ramsati,F
moona,F
padma,F
amratalal,M
akhalak,M
mansoor,M
nanki,F
rantesh,M
kumkum,F
nizamuddin,M
aarushi,F
shailesh,M
brijshwaer,M
rumal,F
rosina,F
aruna,F
ramjiyawan,M
mallo,F
alish,F
vandhana,F
komal,F
pyari,F
sonaki,F
imtiaz,M
sudarshan,M
shahrukh,M
bheem,M
sohail,M
syamsunder,M
dulichand,M
sohan,M
aktri,F
layba,F
faqir,M
mehwish,F
nooreen,F
vimlesh,M
ramdhan,M
amrit,F
abdullah,M
danwati,F
richaraj,F
sweety,F
bacchu,M
richa,F
tasveeran,F
jainaf,F
mahinudin,M
rinki,M
mahindra,M
juber,M
rebecca,F
maigo,F
sita,F
phol,F
harison,M
laukush,M
manvendra,M
netrapal,M
danista,F
balveer,M
ajra,F
nensi,F
dipanshi,F
shulekha,F
kamlesh,M
sarad,M
durgesh,M
alisha,F
viraj,M
sheela,F
gudiya,F
parveen,F
atul,M
phulkana,F
gulshtab,F
puspa,F
chotum,M
yasmeen,F
shahjadi,F
noorjahan,F
sakila,F
rupen,M
mohini,M
tabssum,F
maan,F
shubankar,M
sharadhha,F
preet,F
balvinder,F
mallika,F
iqrar,F
bali,F
babul,M
reeta,F
patric,M
avfesh,M
ali,F
lakhan,M
faizudeen,M
lavli,F
jagdamba,M
mangta,M
hawa,M
nakul,M
shiv,F
naseem,F
rambhajan,M
ajeem,M
sumirta,F
sadabrij,M
ajab,M
manuvar,M
parsnath,M
dhananjai,M
tajinder,F
rena,F
pinku,M
gulshad,M
aishwarya,F
munnadevi,F
najreen,F
mohan,M
rehman,M
kusum,F
chitro,F
hariom,M
prsant,M
swati,M
pravendra,M
ruzina,F
kalla,M
fareem,F
bishana,M
aafreen,F
deep,M
sarojini,F
versa,F
bhumika,F
nirjala,F
dana,M
jasvir,M
sahkir,M
mast,M
mithi,F
seeba,F
mangu,M
snjana,F
manira,F
kiran,F
sahdab,M
bherav,M
mithu,M
zahir,M
gurdayal,M
rana,M
papa,M
anchal,F
versha,F
ashish,F
niranjan,F
mho,M
imsaan,M
puspha,F
ramgopal,M
nirosha,F
tohseeem,M
jafrin,F
susanto,M
brkha,F
vakila,F
harvinder,M
vinos,M
youraj,M
mahvish,F
jitendra,M
afarin,F
aaftaab,M
nashimuddin,M
megha,F
kasid,M
nadhim,M
ajkati,F
manmeet,F
sorabh,M
shabbir,M
ashutosh,M
kamrulnisha,F
sidhant,M
sonika,F
paramshela,F
anguri,F
shobina,F
gurbachan,M
jaquir,M
palvinder,F
nasir,M
rahisuddin,M
kalish,M
deepvhand,M
sumitra,F
naresh,M
naveela,F
sahjad,M
vikaram,M
jenifer,F
mhendar,M
anamika,F
vironika,F
farhin,F
krish,M
indu,F
sitara,F
salini,F
saurav,M
marium,F
surender,F
indira,F
abishek,M
panna,M
muneer,M
sumesh,M
simranjeet,F
pramila,F
machhala,F
mandi,F
sabeena,F
amarapal,M
sanoshi,F
bhawan,M
kundin,M
bandani,F
jeevanlata,F
budhan,M
rucksana,F
ankita,F
anash,M
inda,F
shital,F
rani,M
girija,F
kesar,F
bigan,F
jishan,M
imtiyaz,M
sunaina,M
sushil,M
subhakar,M
prannab,M
nej,M
abbal,M
numesh,M
data,M
arti,F
sania,F
kamana,F
arthi,F
narbir,M
aryan,M
ashlam,M
simren,F
saksi,F
tulsi,F
samim,M
najarana,F
manbhar,F
ovaish,M
jagan,F
peenu,F
aardhna,F
brinda,F
jhingi,F
pratibha,F
shiena,F
seweta,F
harshita,F
sawtri,F
iqarar,M
umang,M
nitu,M
sharda,M
mukat,M
adan,M
yashin,M
hardeep,M
gulafshan,F
pusgpender,M
jashinal,F
murti,F
mithun,M
sayja,F
piuesh,M
rahat,F
vidhi,M
supyar,F
prahlad,M
bhoopsingh,M
gulabsha,F
mousam,F
dilsad,M
maaya,F
babalu,M
dhramveer,M
shenaz,F
bunty,F
jakir,M
bodh,M
rafat,F
kaushik,M
arpna,F
sadip,M
jeet,M
harshi,F
abhimanu,M
sarangthem,F
rajbir,M
tajmaha,F
rekhai,M
arti,M
bhanu,M
abhinwav,M
bidhya,F
lekose,M
ashif,M
satrudan,M
badru,F
vishnu,M
alema,F
durgash,F
raman,M
lavali,F
vahab,M
bhagwati,F
somdath,M
sushhmita,F
shatish,M
chatar,M
ansu,M
riyazuddin,M
raniya,F
kundan,M
pallawi,F
nazeem,M
raghuvinder,F
farid,M
kamjeet,F
shi,M
satyvrat,M
amrik,F
aasha,M
reetima,F
habiba,F
navdeep,F
vakesh,M
kela,F
gurmel,F
binnu,M
sonali,F
montu,F
susan,M
krishama,F
yogesh,M
sahna,F
sabrin,F
chandrika,F
koshlya,F
shamina,F
sarvan,M
mittopuri,M
pampa,F
dhanjay,M
shreeniwas,M
radhyshyam,M
jahirul,F
ruksaar,F
yaqub,M
rampayari,F
chandrram,M
vijendar,M
zameer,M
veena,F
samiksha,F
panchuri,F
fozia,F
bhanwer,M
swati,F
nandi,M
ramli,F
suhsmita,F
pujja,M
jhunna,F
asho,F
khalidur,M
tulki,F
himashu,M
vishal,F
suneeta,F
badnath,M
minakumari,F
sarita,F
satish,F
jayuti,F
digamber,M
injmam,M
shama,F
shoukat,M
takshila,F
surekha,F
shrinath,M
babbu,M
rijwana,F
ramdyal,M
bsram,F
fazaz,M
savina,F
jwala,M
karima,F
dipu,M
kokil,M
sahajha,F
mudsir,M
toshar,M
satnam,M
hardass,M
sandip,M
jacob,M
sakcham,M
sujata,M
bhudevi,F
rampati,F
mira,F
ashik,M
sugandb,F
tapas,F
vishanu,M
nshima,F
manmath,M
tabbusum,F
bhuneshwar,M
marzina,F
hajrati,F
kamna,F
hasbul,F
ahsan,M
pooja,F
latur,M
miraz,M
saahin,F
nagia,F
arab,M
ghantoli,M
mehronisha,F
sukhvir,F
samman,F
moh,M
allaraji,M
mercy,F
sisty,F
narbada,F
aradhana,F
ladakunvar,F
merry,F
sajmeen,F
nitish,M
mahavir,M
ekta,F
shrimati,F
vandna,M
subhiya,F
baliya,F
nek,M
husiya,F
kulsum,F
saurab,M
devender,F
balbir,M
archna,F
omprkesh,M
harinarayan,M
sumemtra,F
stephen,M
khursheed,M
shankuntla,F
mantasha,F
kallo,F
dishant,M
hiten,M
irphan,M
aditya,F
birju,M
sampat,M
chosh,M
rohila,F
shahnawaj,F
rocky,M
anwari,M
ishan,M
gurjit,M
ramjan,M
adityalok,M
begam,F
lilaki,F
sarjeet,M
jagpati,M
ishu,F
waseem,M
risiraj,M
digvijay,M
nicharon,F
rasida,F
sharad,M
premsingh,M
shrimati,M
nirmal,F
farmeena,F
aahim,M
prafhool,M
kalip,M
shafibul,M
amiraka,F
vipendra,M
parvesh,M
kajar,F
rinukanwr,F
bindiya,F
rampati,M
vakil,M
mohmed,M
gulab,F
ritika,F
rakha,F
tilakraj,M
navleen,F
pista,F
mehrunisha,F
samima,F
nancy,F
horam,M
meharban,M
dur,F
santoshi,F
satyavati,F
javal,M
salin,M
rabita,F
nandram,M
sohel,M
rajkaranta,F
gulnaza,F
amarjeet,M
sajruddin,M
rijul,M
panchi,F
ankaj,M
samaiali,F
guruvachan,M
swadhin,M
harbas,F
vidyawati,F
nirjla,F
jitin,M
sirazudeen,M
kajamuddih,M
pardeep,M
krishnal,M
janardam,M
rosanjahan,F
ravindera,M
shabbo,F
kusumlata,F
amot,M
bhawna,F
subhodh,M
suneel,M
mishri,M
tulsiram,M
safali,F
prameshwar,M
ragni,F
gyanu,M
rahimuddin,M
ragini,F
jeeshan,M
shana,F
tohid,M
chetna,F
riyajudin,M
dhirender,M
sashikala,F
sahnawaz,M
shiba,F
neetu,F
gul,F
shreemati,F
soban,M
firtu,M
mamuna,F
rinku,M
ramaiya,F
kastoori,F
thakur,M
rajend,M
parsi,F
inayat,M
aanand,M
sonal,F
madam,F
santi,M
hira,M
jay,M
koyal,F
binita,F
monam,F
niksiya,F
meghana,F
jamna,M
rashimi,F
begraj,M
avadh,M
surgyan,M
gurpreet,M
choturam,M
parmila,F
tejender,F
milan,M
phooli,F
shivji,M
jagdeep,M
savitri,F
afrina,F
dukhi,M
kusham,F
bhagvati,M
saranjeet,M
aamil,M
sorav,M
viriya,M
aanchal,F
surajmal,M
sachin,M
simmy,F
kamrudeen,M
inderjeet,M
hudi,F
monti,F
mausam,F
nimahe,M
apsana,F
sushpal,M
bhuvneshwar,M
bidami,F
nazia,F
manshi,M
gulesta,F
sama,F
suriti,F
swaliya,F
udal,M
aakanksha,F
dhana,F
ashak,M
khasbhoo,F
sharat,M
anjum,F
bhup,M
shweta,F
ajmal,F
ilma,F
parerna,F
abhaki,F
kasumbi,F
harleen,F
bantu,F
nahar,M
chhitar,M
munender,M
nirvat,F
parveen,M
shrabani,F
jasmen,F
partima,F
mangubai,F
shailender,M
rupa,F
sukhdevi,F
sangeeta,F
vimala,F
sabanam,F
heera,F
tumpa,F
fuljhadi,F
forshan,M
susma,F
sundari,F
himansi,F
farukh,M
shahnwaj,M
pratha,M
ramsurat,M
sagit,F
rinju,F
indra,M
bobby,M
avantika,F
babita,F
omparsad,M
amandeep,M
samadh,M
nikahat,F
kirti,F
dilkhush,F
gordhanlal,M
joria,M
rakhee,F
bhavishy,M
vijayanta,F
pradeep,M
misri,M
khushnuma,F
rishma,F
sameeruddin,M
gourav,M
seeriya,F
karnesh,M
farjana,F
parvti,F
bahrat,M
suneta,F
nandani,F
nasruddin,M
neemi,F
pragati,F
kanda,M
rohini,F
lajjavati,F
chhotelal,M
chama,F
rasid,M
sukshana,F
nanu,M
bharatlal,M
sukheeya,F
anup,M
himanshee,F
areen,F
bitoo,F
samsad,F
swetna,F
hazi,M
vashudev,M
sakhichander,M
lakhmi,M
sandiya,F
koslya,F
vipulander,M
prabhash,M
sakeena,F
sarsawati,F
tejender,M
pera,M
balwan,M
manjoo,F
kirtiman,M
veepinchand,M
malchand,M
wiliyam,M
rambhul,M
sukhbeer,M
jasbir,M
shibu,M
shyamveer,M
shaheen,F
murari,M
bhagvati,F
babar,M
aphasana,M
musrat,F
nishar,F
sanha,F
hukam,M
srheeram,M
tunni,M
shaifali,F
dilshadi,F
taramati,F
gyan,F
saviti,F
bharti,F
zuveb,M
nasima,F
sparsh,M
tahseen,F
monish,M
nandkishore,M
neesa,F
jishant,M
mili,F
sharda,F
naina,F
tapish,M
monini,F
birgesh,M
sukjveer,M
punarjyoti,M
mariyam,F
alima,F
sandeep,F
rajvi,M
asfaq,M
kushumavati,F
veerpal,M
hritik,M
kanok,M
rasab,M
alma,F
kishor,M
suchi,F
nathuram,M
makhan,M
devid,M
mony,F
hamida,F
ratneswar,M
najrana,F
shagufta,F
madan,M
peer,M
jitendr,M
sanju,M
rambha,F
devyani,F
pandit,M
bhuralal,M
ms,F
barjesh,M
mannulal,M
shailash,M
kabid,M
gosia,F
madanlal,M
veshali,F
rukya,F
sanjay,F
julfikaar,M
ramkish,M
parvati,F
rikkenchi,F
janwi,F
noorjama,M
sharanjeet,M
alahbasri,F
punit,F
alina,F
praveen,M
abhisekh,M
sunena,F
manbharbai,F
usha,M
shree,F
ravi,M
aarav,M
paramjit,M
sunayna,F
senser,M
firoz,M
soyab,M
aru,M
ranjit,F
khairu,F
sunhara,F
geetika,F
sidhart,M
rupal,F
punit,M
ashwani,F
chanderpal,M
kumar,M
jya,F
naval,M
gyandeep,M
ansh,M
gulfan,M
ranjit,M
ramila,F
dharmandra,M
afsana,F
beni,F
uma,F
bahadur,M
vipin,M
rahul,F
khushi,M
sukumar,M
altmash,M
klash,M
varsha,F
sweeti,F
zakir,M
ramvihar,M
megharaj,M
bobi,F
mumtaz,F
yogita,M
samaprveen,F
shahna,F
roshan,F
jhawar,M
chanchal,M
noni,F
madhubala,F
najrin,F
gyan,M
islamudin,M
trlokchand,M
sahajad,M
pholwati,F
akshit,M
rabina,F
arpit,M
mem,F
deep,F
antima,F
chandi,M
depander,M
phalguni,F
parminder,M
bhajandeep,M
tashnim,M
ramniwas,M
veermati,F
joga,F
shikha,F
shamim,F
kanika,F
anja,F
jayotli,F
shma,F
yatharth,M
narpendra,M
anaji,F
pakhali,F
hitender,M
saziya,F
anurudh,M
lakhami,M
shymo,F
mnyak,M
jhakar,M
priyansi,F
anu,F
sheru,M
indrvati,F
nadim,M
lakshaya,M
pramood,M
rushali,F
pooranmal,M
sidarth,M
parmeshwari,F
sahadeb,M
bhojpal,M
rizwan,M
gopal,F
pushpanjali,F
budhram,M
kartar,M
sitaram,M
sultana,F
bhavana,F
dashrath,M
aalam,M
tanya,F
furkhan,M
sana,F
manita,F
gopi,M
mis,F
dilshana,F
lakshit,M
rashab,M
fooljhnah,F
sanjna,F
kushmita,F
sanjoh,F
vineeta,F
bahalen,F
sehzada,M
cheete,M
salma,F
rajenderi,F
milka,F
ranu,F
dropati,F
man,M
aayush,M
simran,F
lavpreet,F
sameem,F
nazibuneesha,F
harees,M
sita,M
meenaxi,F
pushpa,M
janaki,F
naushi,F
nibha,F
shneha,F
hamid,M
ajad,M
uganta,F
foranti,F
gango,F
mamta,F
lila,F
neeven,M
fazia,F
jahid,M
gauri,F
munsi,M
shabina,F
nikki,F
chappla,F
sayna,F
shayam,M
jasvinder,F
dhiraj,M
ayush,M
nida,F
misbah,F
priyaka,F
sehdev,M
binpal,M
asif,M
rukhsana,F
shoab,M
shimla,F
chandra,M
hazara,F
rina,F
rammurti,M
nawed,M
sukh,F
bhala,M
kanchaniya,F
rimpy,F
sima,F
sehnaz,F
chhidu,M
mrityunjay,M
fitrat,M
narbahadur,M
zanmi,M
shanawaz,M
rajesh,F
nutan,F
pervez,M
faizal,M
annu,F
nihalchand,M
mehak,M
menu,F
sumender,M
bhanvar,M
divya,F
rony,M
fahija,F
shoyab,M
revti,F
surat,M
vipan,M
poonam,M
s,M
sadik,M
alam,F
hina,F
aasif,M
bhanumati,F
phooleshwar,M
aakash,M
reshami,F
bhagwat,M
aasish,M
mohmmad,M
bhoop,M
reenu,M
sam,M
akash,F
aavesh,M
resham,F
tolaram,M
panku,F
giriraj,M
suja,M
shamsher,M
phirdos,M
pallu,M
gulnaj,F
balbiri,F
sipra,F
sunita,F
attar,F
rachana,F
papiya,F
chhanya,F
jaismeen,F
brijmohan,M
suganti,F
khusboo,F
daniel,M
amisha,F
noor,M
sheensar,F
shani,M
rukhsna,F
ujamma,F
bhud,M
parul,F
reetu,F
juhewuddin,M
mahrul,F
lokender,M
channu,F
shital,M
jaspal,M
sunilrawat,M
tausin,M
abida,F
adhish,M
jitander,M
anantram,M
kabul,M
ved,M
chhedilal,M
pooja,M
ramotar,M
praveena,F
anshul,F
grish,M
usmaan,M
umda,F
sugna,F
shi8vprakash,M
chandar,M
shabnur,F
nandita,F
madina,F
damodar,M
jassi,F
ikramuddin,M
roji,F
mukesh,M
chtar,M
harimohan,M
harbansh,M
manish,M
shamshina,F
virender,M
rinkoo,M
rajvir,M
shanjhan,F
guddibai,F
pooga,F
dharminder,M
nimla,F
abhisek,M
moti,M
arajun,M
nisar,M
nandini,F
sharinimle,F
harshmeet,M
bhorelal,M
susila,F
parmeswari,F
surti,F
jarim,F
afrin,F
ramkhilawan,M
moshad,M
mandira,F
khush,F
sumita,F
mukeemuddin,M
najo,F
tashkkur,F
supna,F
salu,F
najubai,M
hyatun,F
sawan,M
titu,M
rohan,M
palvi,F
maryana,F
rampal,F
omprakash,M
sareen,F
vanish,M
raksha,F
pintu,F
tarbez,M
ziyabul,M
umanath,M
job,M
dd,M
chanderkanta,F
mamanbai,F
ramkiashan,M
hisham,M
janki,F
badrunisha,F
mangla,F
jyoty,F
mehfooj,F
jagmal,M
siwani,M
amarjit,F
imamuddin,M
aaenab,M
dil,M
geet,F
bindi,F
kanya,F
saneha,F
sirjna,F
sifa,F
samon,M
devki,F
daler,M
chumki,F
diti,F
rusan,F
lalu,M
viram,M
keli,F
abhijeet,M
daulat,F
musibat,M
kaushar,M
satu,M
saieman,M
pransis,M
dilkush,M
joginder,F
jinat,F
trilok,M
rajbeer,M
sai,M
kulwant,M
aashi,F
mainka,F
nasreen,F
aftab,M
rajkarnta,F
shivalika,F
ishant,M
mohatter,M
bandana,F
girja,F
hiri,F
promila,F
gambhir,F
raishma,F
nusrat,F
awshin,F
muhmad,M
leo,M
dorilal,M
durganand,M
umma,F
yesh,M
ranjita,F
jawed,M
rajiya,F
sabna,F
dolly,F
ruplal,M
naimuddin,M
mhega,F
swapanesh,M
vineta,F
sahishta,F
shankri,F
giri,M
tulcharam,M
sukhlal,M
satosh,F
lali,M
raman,F
sweta,F
tabasum,F
karishan,M
arshad,M
peena,F
sahi,M
rubee,F
smriti,F
sharmili,F
shahzadi,F
teenu,M
kunda,M
niraj,M
sonu,F
satvir,M
deva,M
muskarn,F
kachan,F
kamli,F
tirlok,M
nandi,F
anjeev,M
mukund,M
mallik,F
jamaal,M
taruna,F
abishak,M
bhramanand,M
atitaj,M
sema,F
bhismpal,M
jauli,M
shakuntla,F
karma,F
bashanti,F
paro,F
balmiki,M
kailaki,F
urmila,M
shahista,F
madhusudan,M
priyak,F
novisha,F
ekata,F
kanhaiya,M
aman,F
ekamjeet,F
jamnaa,F
rashma,F
lakhu,M
suraiya,F
divaraj,M
nibo,F
imaman,F
rubbi,F
shaving,F
ashmi,F
deewan,M
amarmula,F
shobha,M
laxmi,M
gulwasha,F
badri,F
badami,F
chanderwati,F
tisha,F
sushila,F
juneb,F
robin,M
satya,F
navi,M
ramba,F
premlata,F
satender,M
sahnabaj,M
zina,F
jainub,F
shahera,F
sera,F
jyoti,M
brij,M
st,F
galiya,M
shabra,F
lakhua,M
klu,F
ruhi,F
fatma,F
anam,F
nizam,M
kamal,M
mogan,M
sajni,F
reema,F
surinder,M
eshwari,F
fareen,F
safiya,F
shkuntala,F
lawrence,M
shohan,M
sharwan,M
menakshi,F
mega,F
tilak,M
sonam,F
vipiv,M
ghanshayam,M
rustam,M
khumlo,F
chndrakla,F
minakxi,F
rihana,F
shahina,F
adil,M
guni,F
vaibav,M
ishwari,M
sivani,F
kulli,M
ruckmani,F
naseema,F
aastha,F
gytri,F
manav,M
maksud,M
yadram,M
kulvinder,F
tarun,F
fakerey,M
anish,M
siddhi,F
shanshak,M
santro,F
goutam,M
gurmeet,M
bilkis,F
chatan,M
atiq,F
banwari,M
sriniwash,M
tak,M
patav,M
lashma,F
sarfaraj,M
bhanu,F
bilke,F
phoola,F
kushbu,F
muskuran,M
anjara,F
farmaan,M
amina,F
jewa,F
rimasha,F
murjina,F
dhramender,M
gurcharan,M
hurji,F
lakhamichand,M
mansi,F
amrit,M
ugma,F
dhan,M
sone,M
bharma,M
anandi,F
sabhana,F
jasvinder,M
parmeshwar,M
rsjesh,M
rinka,M
shayma,F
manowar,M
naveena,F
beeram,M
rupesh,M
atif,M
pachuram,M
anjan,M
shabana,F
faiyaaz,M
yamini,F
busra,F
najimuddin,M
shahwaj,M
sheh,M
mithu,F
divyansh,M
meeramai,F
shilly,F
roshani,F
puranmal,M
shispal,M
heeera,M
kedarmal,M
rawana,F
mukaram,M
meva,F
skunatla,F
veenu,F
manda,F
kirshna,F
hanni,M
sankarlal,M
nilofar,F
rampaal,M
raghubeer,M
gyaan,F
jaiwanti,F
anarkali,F
bhulaee,M
tane,F
hardik,M
pahalwan,M
munny,F
chhano,F
suchitra,F
taslima,F
shahbaz,M
rijakpal,M
sukh,M
tamnna,F
budhi,M
kulbir,M
chando,F
nasibu,F
soma,F
prankur,M
zuhaib,M
khangara,M
ishtkar,M
sarla,F
nirwat,F
yashpal,M
gappu,M
najmin,F
amri,F
fida,M
a,F
jisaan,M
aatir,M
fhaishal,M
kavit,F
gargi,F
shardha,M
smt,F
honey,F
sashi,F
kamlesh,F
narmda,F
moti,F
karim,M
yashsvi,F
divy,M
jaswant,M
mokida,M
shrishti,F
charnjeet,M
asrani,F
sumanlta,F
jaimata,F
rathan,M
nazahat,F
chanchl,F
nanak,M
dhruv,M
shekher,M
avinsh,M
nwed,M
keshar,F
nisat,F
buchhi,F
jani,F
mager,M
jumman,M
sintu,F
sarvash,M
bala,F
tanuj,M
akkash,M
shakun,F
subin,M
deelip,M
krishn,M
ganesi,F
paramjeet,F
shayana,F
ruvi,F
smt,M
anupam,M
kriti,F
binnu,F
banita,F
ruji,F
manwi,F
toquir,M
onginye,F
gulfam,M
ramphal,M
viren,F
lucki,M
muskhan,F
som,M
mohini,F
animesh,M
tipu,F
iqram,M
jafruddin,M
vidha,F
neeraj,M
ganita,F
faimuddin,F
diljan,M
gora,F
sudeshwer,M
ram,F
sosri,F
rameswar,M
tulsi,M
faizan,M
mogli,M
charu,F
dakch,M
rup,M
deepti,F
anzum,F
siraj,M
nenshi,F
najara,F
sabnam,F
namarta,F
udai,M
koilu,F
mohni,F
baam,M
kawa,M
kitti,F
fakrrudeen,M
shaswat,M
nawaz,M
jaichand,M
lakhe,F
archana,F
rishiraj,M
dipali,F
rukhsar,F
shusila,F
pareeti,F
pawna,M
vinit,F
sushant,M
chetan,M
rizwana,F
tanuja,M
nanhey,M
tamsa,F
turveny,F
jebi,F
anuu,F
mehbob,M
banty,M
anshiya,F
iema,F
bhhatu,M
bundel,M
raghbir,M
tabbasum,F
nand,M
sehnaj,F
shreee,M
aarti,F
hashim,M
talim,M
sitender,M
noore,M
aasu,F
parsant,M
mehphal,M
jaspreet,M
ashima,F
saroj,F
nikil,F
akbari,F
suhani,F
jankraj,M
naviya,F
bhrat,M
osier,M
gudya,F
abbas,M
mamuni,F
nasrin,F
sohal,M
haneef,M
kmo,F
deeya,F
popinder,M
deepanti,F
priya,F
asha,F
spna,F
nemsi,F
satyam,M
wilkish,F
meera,M
ramvilash,M
neharika,F
shanwaz,M
karanveer,M
deepika,M
veerander,M
gulnanj,F
najis,F
ikbal,M
mansavi,F
savia,F
sahnara,F
gurnam,M
malti,F
shail,M
gokul,M
tunda,M
najar,M
jasveen,M
mayank,M
anooj,M
durvesh,M
ameera,F
shamrin,F
souvik,M
santna,F
bablu,M
baudi,M
madhu,F
rohitash,M
binder,M
nainshi,F
sanoj,F
panmati,F
adisan,M
chran,M
utam,M
sanjida,F
sorbh,M
punnet,M
samra,F
lada,F
janmesh,M
khusbu,F
rimzim,F
shaukat,M
druga,M
girijarani,F
aayesha,F
penzin,M
jully,F
salim,M
faraheen,F
gobind,M
swedesh,M
afshana,F
dipti,F
yinita,F
julee,F
basanti,F
ajay,F
munni,M
brijesh,M
madhu,M
seva,F
govind,F
ramesh,F
vijay,M
sujeet,F
azaz,M
chahat,F
jasmeet,F
aas,M
akilesh,M
ilyas,M
resmi,F
manti,F
aasma,F
sarfraj,M
kirpa,F
jaskaran,M
kala,F
shidharth,M
amrish,M
rinky,F
farhanaz,F
dhaniya,F
mammta,F
asi,M
bishesh,M
manormapal,F
dila,F
tamana,F
dara,M
hukum,M
bhagat,M
bhram,M
namra,F
ruksin,F
gurprit,M
nanveet,F
saddam,M
ajmeri,F
tripta,F
shiva,M
binu,F
imamudeen,M
lallu,M
ratmo,F
neelkant,M
saddham,M
dharmender,M
rojmen,F
junl,M
sudhir,M
sarain,M
ajmer,M
iram,F
nilam,F
shilpi,F
krisana,M
sahid,M
aamina,F
mitlesh,F
pushpender,M
barakha,F
vimla,F
aatam,M
faran,M
sahabbudin,M
nandni,F
sahwaj,M
bhaddal,M
nathu,M
vasiya,F
gulsha,F
abu,M
rachna,F
araddhna,F
deepender,M
shabi,F
kismti,F
montu,M
leena,F
kirashan,M
sayara,F
parbhudayal,M
parwati,F
fazaley,M
shadna,F
harpal,M
tabassum,F
balwant,M
mahima,F
dropti,F
beeru,M
shashikant,M
salupa,F
bram,M
gudiya,M
mahasingh,M
tarnum,F
nadem,M
chhaya,F
ahamad,M
imam,M
tofik,M
maalti,F
dhuruv,M
bivla,F
nilesh,F
punia,M
baby,M
gensingh,M
chinta,F
ajara,F
veronika,F
manjit,F
paramjit,F
muskaan,F
dilawar,M
manjit,M
rajibul,M
pangita,F
manfool,F
marjana,F
parjinder,M
silpi,F
sajia,F
chotibai,F
parem,M
annielal,F
asma,F
juhi,F
aanad,M
deepak,M
sufia,F
any,F
ramkesh,M
harsh,M
baljeet,M
jhansi,F
rinki,F
manvi,F
pariksha,F
bhanupriya,F
ramkumar,M
manjusha,F
gulfsal,F
khushi,F
ghurul,M
asmina,F
alim,M
karansingh,M
fakiri,F
vimal,M
sukhsohan,M
javid,M
arvind,M
rupan,M
keshar,M
sanjiv,M
sahnaz,M
taar,M
saanu,F
methun,M
lad,F
harpreet,F
limca,F
bittan,M
guljar,M
bachhu,M
virendra,M
basanta,M
chotelal,M
hansa,F
yogendra,M
charanjeet,F
roshan,M
dal,M
purnima,F
mangi,M
inderjit,F
sariq,M
minakshi,F
kanishakraj,M
sahista,F
vikas,M
alam,M
mubarik,M
monika,F
bhura,M
shokar,M
panaj,M
balak,M
dhukhu,M
tanushri,F
multan,M
premi,F
simmi,F
unnati,F
devideen,F
rajwati,F
tyara,F
chnda,F
gajla,F
ramdutt,M
sanna,F
afsha,F
rahina,F
hemlat,F
kehkasa,F
gora,M
sanpat,M
beera,F
rashi,F
shine,F
dhermendra,M
bijali,F
rajeet,M
vaijanti,F
deou,F
visvajeet,M
guddiya,F
anoop,M
shvani,F
gauravgil,M
harana,F
yunishs,M
gandhi,M
anoura,F
sabeeha,F
gulpacha,F
chhabi,F
nashrin,F
monupal,M
gulshafa,F
mahak,F
ran,M
gurvinder,F
sanand,M
shrikant,M
aarif,F
neeshu,M
anekha,F
yogeshwari,F
veeri,M
visan,M
pharjana,F
avdhesh,M
ramdulari,F
b,M
bikram,M
jeba,F
himmat,M
mansha,F
satnam,F
shruti,F
shaikh,M
hanumanram,M
phoolwanti,F
tasnim,F
kushma,F
indra,F
kohinoor,M
shalesh,F
lahida,F
aatikun,F
lakhmi,F
sauni,F
shayra,F
bijendra,M
mangi,F
prabhatilal,M
rekha,M
vichitra,M
dishad,M
sohan,F
shabreen,F
ramkumari,M
vaishali,M
mohak,M
gendi,F
kum,F
armita,F
sarabjeet,M
keta,F
amanjeet,F
mena,F
kusuma,F
harak,M
dibya,F
subash,M
maneesh,M
tarannum,F
roshini,F
archan,F
balalia,F
bhupen,M
bima,F
bhauk,M
kaushaliya,F
tahira,F
sooraj,M
narender,F
ajnoor,F
barkha,F
dalip,M
divy,F
tanvi,F
jeesan,M
raunaf,F
shahzad,M
shahvaj,M
mobarkar,M
aslam,M
subhi,F
jashgul,F
mukiman,F
meenakashi,F
sabid,M
yasoda,F
jamshed,M
mahfooz,M
swaranjeet,F
givinda,M
vibha,F
chandan,M
rajan,M
prema,F
bholi,F
nirbhay,M
aanil,M
sushree,F
badarjahan,F
makbul,M
prakul,M
pitar,M
uda,M
hani,M
naresh,F
prezi,F
hosiyarilal,M
M,M
nepal,M
mustikeem,M
jarina,F
sheetal,F
mosmi,F
marjina,F
naushad,M
viplo,M
beenu,M
satbir,F
sadhna,M
varsha,M
bagaram,M
priyanka,F
shukramani,F
heeralal,M
andhav,M
suraja,M
alka,F
bhure,M
arman,M
nayana,F
suman,M
sabeer,M
shahgujta,F
bhole,M
rubjaan,F
anjuman,F
anjna,F
shib,M
goldy,M
partab,M
aarif,M
aashma,F
rupinder,M
metily,M
fauji,F
najrin,M
vesali,F
farina,F
shanti,F
umardaraz,M
asmita,F
shamsuddin,M
vicakha,F
ragina,F
aanya,F
meetu,F
amreeta,F
mariam,F
baliram,M
shakti,M
rajni,F
sumoranjam,M
sivam,M
akhlish,M
pervinder,M
faiz,M
maushid,M
lalutha,F
neelima,F
sulekha,F
sazi,F
suhel,M
bhagirathi,F
jatinder,F
pammi,F
sudhama,F
rubina,F
janesh,M
kirti,M
nishith,M
mandvi,F
sameem,M
kishana,F
tuba,F
mala,F
sangeeta,M
hemanshu,M
nikita,F
parnav,M
nahida,F
poornima,F
bannu,M
shivani,M
moharan,F
lavtar,M
reshma,F
bashudev,M
moral,F
partap,M
nitam,F
satnarayan,M
mohamad,M
gulafsha,F
jugal,M
eliyas,M
gahnshyam,M
najda,F
kusumakar,M
vibhuti,M
nazreen,F
jugan,F
sahrul,F
sampat,F
rambharos,M
subham,M
chandrashekhar,M
ramwatar,M
sunitha,F
nijamudeen,M
pushpa,F
foolwati,F
shri,F
krishan,F
sahrukh,M
gajraj,M
umakant,M
chitprit,M
shivangi,F
sansaar,M
utkarsh,M
kaushar,F
pemaram,M
seeta,F
shyan,M
santok,F
mehnaz,F
midhana,F
baidnath,M
jigar,M
zarina,F
mahammd,M
dolat,F
hasan,M
rajnesh,M
bhavna,F
kamla,F
rinka,F
shirishty,F
kali,F
same,M
chango,F
saweta,F
tirath,M
badshya,M
shelly,F
fareena,F
ashad,M
rahu,M
haseena,F
repu,M
firasat,M
pear,F
jagbir,M
sukhdev,M
darshan,M
asman,F
vijeta,F
charanjeet,M
mini,F
udita,F
akshat,M
harender,M
manjeet,M
mamt,F
asmin,F
lakky,M
sadhna,F
khima,F
gulsan,F
nazim,M
bohati,F
asharani,F
roma,F
pallvi,F
sikender,M
anjali,M
rajendar,M
pankajsheel,M
devi,F
bishun,M
samreen,F
avastha,F
mamchand,M
minaxi,F
abhilash,M
parshant,M
taitra,F
shubham,M
bodu,M
jacky,M
rajkali,F
kushumlata,F
luv,M
julficar,M
basiran,F
gulfsa,F
bhuli,F
manbhari,F
dimpal,M
shabanm,F
ramwati,F
mamata,F
nena,F
amarendra,M
kalavati,F
bachu,M
nikhil,M
beby,F
omender,M
kalpadma,M
chandkor,F
lav,M
premature,F
ashsish,M
gur,M
sulochna,F
sunil,F
abdul,M
laxmeena,F
haridutt,M
faim,M
nayeem,M
mandan,M
tisar,M
ahupendra,M
samiksa,F
vinoda,M
surendera,M
ganesh,M
aditi,F
narendera,M
samiya,F
dineesh,M
tapsyum,F
gyarsi,F
ratiman,M
raju,F
deerendra,M
perkash,M
matok,M
shadan,M
joy,M
afridi,M
pyare,M
taufik,M
yatin,M
joholal,M
jagdesh,M
barjraj,M
abdulla,M
chiddu,M
mujibu,M
bhuwan,M
mahlikka,F
guluram,M
deba,M
nishu,M
sahawaj,F
rahil,M
vijaya,F
seelam,F
brijpal,M
premnarayan,M
amna,F
bushara,F
shakeena,F
rozina,F
parmjeet,F
tasbiha,F
sona,F
manorma,F
karandeep,M
irfa,F
bhagwan,F
avinash,M
sorab,M
mumtaj,F
kirorimal,M
param,M
minitwa,F
katwa,M
taki,F
ku,F
anjana,F
damanjeet,M
dhakhadevi,F
mamoita,F
kishmat,F
shallu,F
tannu,F
anshu,M
dilish,F
kosalya,F
sabbo,F
mairy,F
devashish,M
mam,F
rajeshvr,M
doulat,M
harvans,M
mamini,F
aphsana,F
aarifa,F
radhab,F
deepa,F
nazmuslam,M
lakhwinder,M
bhikhari,M
leela,M
diwan,M
yoginder,M
sadhana,F
hayatul,M
kaloo,M
gorv,M
lakhbir,F
bachcha,M
sayma,F
ritik,M
rubbina,F
gomati,F
parkash,F
sachi,M
ramsawroop,M
yadvir,M
lushi,F
yograj,M
prateek,M
nanka,M
aanamika,F
farjand,M
nasim,F
hament,M
pavnesh,M
akhlesh,M
piyush,M
zaheer,M
bhopal,M
kbeta,F
prayatan,M
maha,M
ashraf,M
shiva,F
sabrajeet,M
jincy,F
vipol,M
umasankar,M
momina,F
sabana,F
jasveer,M
sarkar,M
rupanjali,F
khushboo,F
nafe,M
sarita,M
amuda,F
juli,F
preeti,M
hiralal,M
sahbaj,M
harishen,M
ranjna,F
sekha,M
gulafsa,F
shgita,F
kumresh,M
chaman,M
barj,M
jaynarayan,M
sanchit,M
sapna,M
ziarul,M
rashmi,F
diksha,F
ayub,M
gagan,F
aamin,M
munesh,F
ghanshyam,M
one,M
shishram,M
zareena,F
neraj,F
ombir,M
rasul,M
moin,M
purva,F
taleem,M
nayna,F
phoolla,F
budh,M
navendra,M
farjanul,F
bechan,M
shakeela,F
bushra,F
shokesh,M
haider,M
bhartendu,M
satyapal,M
santosh,F
adi,M
sushmendra,M
vishal,M
riju,F
makrud,M
naval,F
anand,M
dhamini,F
chnada,F
chaturbhuj,M
uma,M
yogesh,F
abhay,M
meer,M
zeba,F
chaman,F
girish,M
rafiq,M
maqsood,M
aatif,M
chunni,M
rozy,F
mona,F
vandhna,F
daman,M
saveena,F
shanichari,F
hetal,F
firdous,F
vipin,F
hafsa,F
biru,M
rabiya,F
aayana,F
samer,M
farzana,F
sumant,M
jugani,F
rajinder,M
sawali,M
rimpi,F
brijnandan,M
manglesh,F
koyali,F
rubeena,F
heena,F
sahida,F
kashmir,M
kiranti,F
hailena,F
rekha,F
nirma,F
kirshanpal,M
ravindr,M
suraj,F
asha,M
gheesa,M
vivek,F
poonam,F
kamre,M
parashram,M
hem,M
soheb,M
shakina,F
vijaypal,M
istikar,M
saroop,M
girjesh,M
shivaji,M
manuja,F
harsha,F
ruchit,M
kayum,M
shanah,F
hemanti,F
chander,M
mani,F
gurdeep,M
ramrati,F
isha,F
salama,F
chhanoyar,M
bhanwar,M
binda,F
sanaullah,M
varisha,F
gurjeet,F
ramprasad,M
jenab,F
ruksana,F
gulshana,F
birma,F
omprkash,M
sangeta,F
parvinder,M
shefali,F
sakiran,F
neeti,F
kureja,F
namita,F
varsa,F
jawahar,M
amart,M
arati,F
pareen,M
neema,F
yasmin,F
sharjprit,F
sofali,M
jetender,M
jagrti,F
lakhraj,M
nurjaha,F
sufian,M
ankush,M
subhod,M
najni,F
kajul,F
muntiyaj,M
buddhi,M
senthia,F
indal,M
balbeer,M
balram,M
fatima,F
kashish,M
musarrat,F
rukshan,F
nar,M
shavitri,F
kamar,F
stifen,M
hadarali,M
sukhpreeet,F
suwadhin,M
firakat,M
raminder,F
nawab,M
ezaz,M
randhir,M
mandu,M
deepika,F
warnakulasuriya,M
damini,F
adrash,M
trilock,M
nahid,F
sadod,M
rainu,F
vikki,M
mehru,F
spana,F
sarju,M
bhasker,M
fuli,F
rajish,M
amjad,M
satyaprakash,M
afjal,M
prabhatyashi,M
firoj,F
bir,M
krishka,F
kanchan,F
punni,F
rachnu,F
mulina,F
sabbab,M
chamanlal,M
shazida,F
ratan,M
vandita,F
chinku,M
rima,F
kanku,F
sunpreet,F
maksood,M
surjeet,M
mastan,M
shaina,F
kasturi,F
nitika,F
nitu,F
srita,F
shalini,F
khursid,M
subodh,M
sila,F
durga,F
sahabudeen,M
kala,M
ratikant,M
lovely,F
vijendra,M
gen,M
maahi,F
paru,F
ashwani,M
rithik,M
saana,F
sukanya,F
nirutma,F
kamta,F
khuma,M
tammanne,M
budhu,M
shankar,M
rajat,M
ranbir,M
sagrika,F
rihal,M
nanu,F
kalu,M
kawal,F
lavish,M
ramdev,M
angan,M
panchu,F
vansh,M
jalil,M
anshum,M
jaydurga,F
ravishankar,M
gulam,M
mani,M
amandeep,F
shelendra,M
pravesh,M
surajbhan,M
prinka,F
agrej,M
rubo,F
depali,F
balaram,M
jaiguna,F
chandini,F
amba,M
sejan,F
paryanka,F
khooshboo,F
mukhtyar,M
sakina,F
ashrfi,M
chinki,F
premo,F
hariesh,M
chhagan,M
bholaram,M
basnti,F
kesnata,F
sujit,M
jina,F
denesh,M
neelajan,M
sadiq,M
dalpat,M
rukshana,F
inder,M
shivkumari,F
sushri,F
kangana,F
mona,M
birtha,F
sarah,F
ramnihor,M
visham,M
maya,F
harbanschauhan,M
gursimaran,M
veer,M
dharma,M
shahin,F
jitesh,M
gawri,F
harkesh,M
sourav,M
rahul,M
haseem,M
khimanand,M
malika,F
ramnath,M
prasanta,F
keval,M
shadhana,F
durgesh,F
nareshpal,M
pavitra,F
sukhmit,M
abhijit,M
vanshika,F
shahiba,F
mansa,F
sazya,F
mahadevi,F
bobbi,M
chertamani,M
bishan,M
ravindra,M
dayawati,F
bhalaram,M
abhishiek,M
puran,M
gurdarshan,M
keshave,M
rajmani,M
jaspreet,F
noorjaha,F
doodhnath,M
iqra,F
anjaly,F
manjula,F
jedu,M
parmjeet,M
devesh,M
nazrana,F
idrish,M
rambarose,M
anjli,F
vinod,F
pannalal,M
siddarth,M
gufraan,M
mangla,M
harmani,M
kanta,F
saalu,F
saima,F
nehal,F
devkali,F
shikha,M
satyadev,M
kamleshwar,M
muntrin,F
farah,F
nipun,M
nitasha,F
surindera,M
bhajju,M
somil,F
beekar,M
kamakshya,F
chandki,M
nosi,F
basibul,M
noorin,F
gufran,M
godambari,F
albina,F
bato,F
akansha,F
khemchand,M
ilesh,M
asanti,F
mina,F
naina,M
vandna,F
chandracala,F
birij,M
manak,M
teja,F
lilima,F
kishore,M
nidhi,F
keshav,M
jarif,M
raja,M
tania,F
buity,F
kanki,F
ragwender,M
rolly,M
laxminarain,M
roopnarayan,M
hariram,M
kajal,F
saveroon,F
nishu,F
salinder,M
ansul,M
ramjeet,M
nasreema,F
aashu,F
gangadhar,M
rajeena,F
jayoti,F
jite,M
sawati,F
premjit,F
nasrul,M
rizvana,F
annu,M
mithalesh,F
shivam,M
dharampal,M
arham,M
simpi,F
noor,F
farhana,F
gajender,M
janam,F
bipin,M
tanish,M
long,F
nahid,M
ravish,M
madhvi,F
kasim,M
norti,F
bahwana,F
pavi,F
amirul,F
samiron,F
aaliya,F
taniya,F
kushamvir,F
rada,M
mithlesh,F
vijesh,M
salesh,M
bijander,M
teekam,M
vi,M
bhudhi,M
pardep,M
ashiqu,M
puneeta,F
sakir,M
sntosh,F
katyayani,F
arsh,M
aarifun,F
lakhvinder,F
mitali,F
doly,F
sahun,M
shankarlal,M
rajani,F
chandrakala,F
priyaki,F
sahdev,M
lakhi,M
faijina,F
sevak,M
bironica,F
shabbi,F
lovly,M
durgawati,F
latoor,M
geeta,M
dakshina,M
ramji,M
soni,F
nana,F
farku,M
shumita,F
heera,M
ramkishan,M
grpreet,F
annavi,F
santram,M
surgayan,M
sahina,F
shahnabaz,M
gagandeep,M
gjender,M
sobi,M
srishty,F
nasira,F
अजय,M
bhakuni,F
munmun,F
ramhetu,M
rijvan,M
altaf,M
runiya,F
maadhuri,F
rinesh,F
rama,F
rakesh,M
majoo,F
ajahar,M
narain,M
babali,F
vickey,M
parbhu,M
bhagya,F
sahil,F
manish,F
maanmati,F
jagmohan,M
lakshya,M
chirag,M
akhtar,M
sapan,M
rupender,F
baichan,M
ajima,F
umesha,F
taranjeet,F
phoolwati,F
bhabhav,M
basant,M
jism,M
desh,M
jayantadass,M
pappe,M
hareshwar,M
santu,F
shavani,F
jenny,F
rajo,M
sunaki,F
anuraj,M
tajrani,F
asfak,M
sahnaz,F
kalpesh,M
rishi,M
paul,M
dev,F
aakar,M
saimun,F
parem,F
alita,F
anuj,M
guddu,M
vidhavati,F
fahim,M
ashu,F
dharmraj,M
kamala,F
deendyal,M
bharkah,F
rukiya,F
chameli,F
mahraj,M
sajjan,M
sabnur,F
shashibala,F
koshalya,F
roopa,F
akhileshwer,M
prity,F
radha,F
suchita,F
chandrawati,F
sundga,F
amba,F
bhagwanaram,M
harshit,M
umar,M
baccha,M
vishamitra,M
munna,F
raghubir,M
ankesh,M
indara,F
kunj,M
meena,F
ashnu,F
harjit,F
kajol,F
sheetal,M
ravinda,F
arindom,M
maniram,M
parmita,F
shanwaj,M
narender,M
prithvi,M
anshu,F
rukshar,F
shakib,M
sanwar,M
sundar,M
laltha,M
kanti,F
shabbenour,F
dhaneswar,F
ballu,M
javed,M
shorav,F
kamaljeet,M
sidhi,F
avnit,M
yukilal,F
sarwitavm,F
shahnaz,F
salman,M
dhanraj,M
bundhu,M
shushree,F
fazulla,M
bina,F
aditya,M
parniti,F
avdesh,M
pinkey,F
vaishali,F
shri,M
varsh,F
sehjal,F
madhuni,F
nijam,M
mandeep,M
shiteel,F
haliya,M
isthar,M
pardeshi,M
jeetram,M
pamjeet,F
devilal,M
latesh,M
siyaram,M
jasmina,F
gurucharan,M
dipansu,M
shjad,M
khanchan,F
kalpna,F
farheen,F
jabbar,M
arunkumar,M
surender,M
sarbari,F
sarojni,F
champa,M
jaishmin,F
husno,F
partik,M
pawni,F
paramjeet,M
chom,M
girwer,M
swapam,M
dhanu,M
nirja,F
anara,F
almina,F
mitlesh,M
udmai,M
ayan,M
benjir,F
nazrin,F
mesak,M
virat,M
nesha,F
harvindra,F
alapna,F
sanjeevan,M
isika,F
ramswaroop,M
sohanlal,M
bidur,M
dharmvir,M
eshavarya,F
joyti,F
redhema,M
sheelu,F
rajveer,M
bishnu,F
bhawar,F
bheema,M
baggusingh,M
parmo,M
salauddin,M
jasiram,M
aasmin,F
shittal,F
manoj,F
tarunnam,F
vishvash,M
mahadev,M
hemant,M
tameezuddin,M
anshika,F
mehinder,M
arvinder,F
rameshwer,M
trannum,F
chitrangan,M
sumaila,F
pushpawati,F
pinku,F
dhanwati,F
hasmita,F
prableen,F
majunew,M
reshmi,F
rubey,F
atu,M
dauji,M
pinki,M
raisuddin,M
rahila,F
nand,F
ram,M
manju,M
aajad,M
jahoor,M
bachan,M
mangat,M
jay,F
shakshi,F
parvesh,F
dord,M
sudhanshu,M
iarfan,M
roopali,F
noorpa,F
bakila,F
ibrahim,M
soni,M
raspal,M
jittender,M
karisma,F
kuntesh,F
ramswroop,M
leela,F
fiyaz,M
satyawan,M
kanchn,F
khushnasiba,F
bb,F
durgabai,F
navin,M
mustkeem,M
gyatri,F
mandothi,F
kosar,F
rennu,F
jaswinder,F
astha,F
prinkaya,F
istyak,M
farhib,F
prem,M
tavraj,M
aakas,M
dumani,F
mehnaj,F
dixya,F
sarjaha,F
sahib,M
manu,F
dikshant,M
aswani,F
shubhm,M
lokesh,F
dwarika,F
shahir,M
shailja,F
gopi,F
aleesha,F
davender,M
vude,M
shoiba,F
nazneen,F
ramsagar,M
rihan,M
nupur,F
alhamdi,F
dishu,F
jhalla,M
ruchika,F
yusuf,M
killo,F
narsa,M
kavit,M
pradep,M
eldro,M
mustafa,M
pryanika,F
sarafraj,M
durga,M
sukul,M
kanchi,F
feru,M
bunda,M
parvej,M
babram,M
twinkal,F
kushagra,F
sukmani,F
rangeeta,F
suma,F
trepti,F
patan,M
dhanpati,F
vilram,M
punita,F
amuchla,M
sat,M
gajendra,M
pryanka,F
poga,F
dolat,M
gona,F
dharma,F
ritunjay,M
vijeta,M
navneet,F
mangelal,M
ranjay,M
ashra,F
sunder,M
wasim,M
dharmshila,F
bhaggo,F
rahish,M
munish,M
name,M
shahid,M
nelam,F
snehlata,F
sharuna,F
sukhbir,F
kisori,M
sahab,M
shaira,F
j,M
lta,F
rukhsona,F
muslim,M
shokraji,F
mangal,M
atish,M
nathi,F
beti,F
tufail,M
rehana,F
swatri,F
kaushal,M
chunaram,M
rabhida,F
sahnaj,M
shanaz,F
kisan,M
nandu,F
preyojit,M
ifteshyam,F
begumpur,F
momita,F
munnawar,M
chaya,F
teena,F
nachita,F
kabir,M
raveena,M
alkesh,F
jadu,M
sukenta,F
hemuna,F
devya,F
mnoj,M
sheilesh,M
magat,M
fool,F
ebane,M
harmeet,F
hazira,F
ruchi,F
vijay,F
motolal,M
lukman,M
fra,F
tasleem,M
vinna,F
lalital,M
javitri,F
pratiksha,F
dhan,F
deepi,M
bhawani,F
anjum,M
nikhad,F
homa,M
aaftab,M
parmod,M
khushbu,F
antim,F
meeta,F
lalan,M
dariya,F
sunder,F
kale,M
urwashi,F
jotyi,F
ruppa,F
kanwar,M
natthu,M
sonali,M
ranjeet,M
varda,F
sajini,F
aditi,M
suntia,F
cosmic,F
tina,F
sunarki,F
jagat,M
asutosh,M
ibraham,M
kalyani,F
chakra,M
shaturughyan,M
husain,M
rajiv,M
sagir,M
satya,M
uttam,M
ashmin,F
priynka,F
sugandha,F
sehin,M
manni,F
afroz,F
rajpal,M
prempal,M
muni,F
kamreen,F
zenab,F
shaila,F
saridevi,F
virwanti,F
kalpna,M
ish,M
udesh,M
naveeda,F
jamila,F
anupama,F
dund,M
sunarkali,F
faraha,F
sarwan,M
amiri,M
tazaudeen,M
begum,F
chandu,M
mahi,F
yasin,M
nikky,F
kamlash,F
evan,F
sanam,F
ramlakhan,M
rosan,F
sispal,M
vaibahv,M
balam,M
bunty,M
neeli,F
kalpana,F
babudden,M
anadi,F
irsad,F
akshita,F
ramjanam,M
keshav,F
mohit,M
mukhtiyar,M
nanhe,M
simabharti,F
akhilesh,F
roshanara,F
laskshita,F
akash,M
kirpa,M
joni,M
musra,F
mehar,F
hardev,M
amrin,F
pritam,M
alseepa,F
sadre,M
bhisan,M
kailash,F
bajinder,M
bhavisaya,M
abhilasha,F
asgar,M
vivek,M
padama,F
akashya,M
savan,M
ramakant,M
suman,F
januka,F
kesav,M
shkil,M
manmeet,M
liyakat,M
rekhwan,F
tarachand,M
chetan,F
akil,M
lilavati,F
meghu,M
rafi,M
prabhakar,M
yasmin,M
kanta,M
satpal,M
jainab,F
gila,F
israr,M
shobhit,M
ratnesh,M
bupal,M
kudeep,M
inderpaal,M
jani,M
upender,M
vishesh,M
jitendra,F
birpal,M
tabbwum,F
aakib,M
vandana,F
palak,F
jiwan,M
sneh,F
nayaka,F
jamir,M
mahroj,M
bandu,M
mamita,F
kaluram,M
mahveer,M
hawa,F
nahani,F
jang,M
banwarilal,M
janta,M
neelam,F
vitan,M
jumrati,M
emilia,M
gaura,F
deepan,M
rambai,F
preyank,F
kuparth,M
shyam,M
sahar,F
mhoomad,M
avi,F
aachal,F
nihal,M
neesha,F
jasvindir,M
jasvir,F
faisal,M
janvi,F
rachpreet,F
lakhsmi,F
sanaali,F
hadisha,F
kaamini,F
raghunandan,M
gonsan,M
tapsya,F
krishma,F
sally,F
lehru,M
beeuty,F
urendra,M
awdesh,M
samay,M
rajender,M
atta,F
shekh,M
aadesh,M
javuneesha,F
ramu,F
justin,M
afshar,M
govind,M
shobharam,M
dhurv,M
nazira,F
tripti,F
kushmi,F
vedh,M
aaysha,F
subhdra,F
pryinka,F
yashmin,F
naseef,M
naeem,M
aesha,F
chinu,M
shimran,F
bisto,M
